District,District Latitude,District Longitude,Venue,Venue Latitude,Venue Longitude,Venue Category
Ba Đình District,21.036305399999996,105.82898610000001,Café Nhà Sàn,21.043892939399125,105.80714368655174,Art Gallery
Ba Đình District,21.036305399999996,105.82898610000001,Bảo Tàng Dân Tộc Học Việt Nam (Vietnam Museum of Ethnology),21.040516428659032,105.79811664833386,Museum
Ba Đình District,21.036305399999996,105.82898610000001,BHD Star Cineplex Vincom Phạm Ngọc Thạch,21.006540792883072,105.831992307879,Movie Theater
Ba Đình District,21.036305399999996,105.82898610000001,CGV Cinemas Vincom Nguyễn Chí Thanh,21.02305755193666,105.80950735096916,Multiplex
Ba Đình District,21.036305399999996,105.82898610000001,Bình Minh Jazz Club,21.02402035990833,105.85817476867993,Jazz Club
Ba Đình District,21.036305399999996,105.82898610000001,CAMA ATK,21.014080115557686,105.85105748436698,Music Venue
Ba Đình District,21.036305399999996,105.82898610000001,Nhà Hát Lớn Hà Nội (Hanoi Opera House),21.024234297880994,105.85727607952052,Opera House
Ba Đình District,21.036305399999996,105.82898610000001,Bảo Tàng Mỹ Thuật Việt Nam (Vietnam Fine Arts Museum),21.030434334914602,105.83706761801307,Art Museum
Ba Đình District,21.036305399999996,105.82898610000001,Bảo Tàng Phụ Nữ Việt Nam (Vietnamese Women's Museum) (Bảo Tàng Phụ Nữ Việt Nam),21.02325961116907,105.85161795002985,History Museum
Ba Đình District,21.036305399999996,105.82898610000001,Old Propaganda Poster Shop,21.032960612792422,105.85198501076371,Art Gallery
Ba Đình District,21.036305399999996,105.82898610000001,CGV Cinemas MIPEC Tower,21.005394388454484,105.82394035998118,Multiplex
Ba Đình District,21.036305399999996,105.82898610000001,Bảo Tàng Cách Mạng Việt Nam (Museum of the Vietnamese Revolution) (Bảo Tàng Cách Mạng Việt Nam),21.025365611536266,105.85770203910008,History Museum
Ba Đình District,21.036305399999996,105.82898610000001,Thu Huong Hanoi Lacquerware,21.038515527801025,105.80144956894893,Art Museum
Ba Đình District,21.036305399999996,105.82898610000001,"Hỏa Lò (Hoa Lo Prison or ""Hanoi Hilton"")",21.025493711698335,105.84655415220422,History Museum
Ba Đình District,21.036305399999996,105.82898610000001,Polygon Music Bar,21.029772552327778,105.82974967942927,Rock Club
Ba Đình District,21.036305399999996,105.82898610000001,Nhà cổ 87 Mã Mây / Traditional House,21.034430263325408,105.85346218783775,History Museum
Ba Đình District,21.036305399999996,105.82898610000001,CGV Cinemas Hà Nội Centerpoint,21.00413262624615,105.80502703699818,Multiplex
Ba Đình District,21.036305399999996,105.82898610000001,CGV Cinemas Indochina Plaza Hanoi,21.0361260143031,105.78243242237413,Multiplex
Ba Đình District,21.036305399999996,105.82898610000001,CGV Cinemas Vincom Center,21.01120141070711,105.84927539732773,Multiplex
Ba Đình District,21.036305399999996,105.82898610000001,CGV Cinemas Aeon Long Bien,21.02648051803252,105.90044868623511,Multiplex
Ba Đình District,21.036305399999996,105.82898610000001,Nhà Hát Tuổi Trẻ (Youth Theatre),21.01762981094726,105.85320592711778,Theater
Ba Đình District,21.036305399999996,105.82898610000001,CGV Cinemas Vincom Royal City,21.002600670455926,105.81550796977224,Multiplex
Ba Đình District,21.036305399999996,105.82898610000001,Bảo Tàng Hồ Chí Minh (Ho Chi Minh Museum) (Bảo Tàng Hồ Chí Minh),21.03557201390834,105.83295593093686,History Museum
Ba Đình District,21.036305399999996,105.82898610000001,Nhà Hát Múa Rối Thăng Long (Thang Long Water Puppetry Theatre) (Nhà Hát Múa Rối Thăng Long),21.031611343031564,105.85312781681033,Theater
Ba Đình District,21.036305399999996,105.82898610000001,Bảo Tàng Lịch Sử Quốc Gia (Vietnam National Museum of History),21.024794226069417,105.85941660833218,History Museum
Ba Đình District,21.036305399999996,105.82898610000001,Bảo Tàng Phòng Không Không Quân (Air Force Museum),21.00044779540897,105.82920670509338,History Museum
Ba Đình District,21.036305399999996,105.82898610000001,Bảo Tàng Lịch Sử Quân Sự Việt Nam (Vietnam Military History Museum) (Bảo Tàng Lịch Sử Quân Sự Việt Nam),21.032182251208475,105.84022621323761,History Museum
Ba Đình District,21.036305399999996,105.82898610000001,Vân Yến Art Café,21.026588432884548,105.85020644245067,Art Gallery
Ba Đình District,21.036305399999996,105.82898610000001,CGV Cinemas ARTEMIS,21.000040664235605,105.82892199585358,Multiplex
Ba Đình District,21.036305399999996,105.82898610000001,Không Gian Văn Hoá Việt (Lotus Water Puppet Theater),21.02846866273835,105.85121847642561,Theater
Ba Đình District,21.036305399999996,105.82898610000001,Nhà Hát Âu Cơ,21.01823,105.8121,Concert Hall
Ba Đình District,21.036305399999996,105.82898610000001,Rạp Kim Đồng,21.023949418148014,105.85285549984488,Movie Theater
Ba Đình District,21.036305399999996,105.82898610000001,Trung Tâm Chiếu Phim Quốc Gia (National Cinema Centre),21.016773310402904,105.81528067588806,Movie Theater
Ba Đình District,21.036305399999996,105.82898610000001,Nhà Hát Kim Mã,21.03214810652277,105.8272786167014,Theater
Ba Đình District,21.036305399999996,105.82898610000001,Acid Acoustic Bar,21.02843714441615,105.82279477807838,Music Venue
Ba Đình District,21.036305399999996,105.82898610000001,タンロン遺跡,21.035943,105.840309,History Museum
Ba Đình District,21.036305399999996,105.82898610000001,CGV Cinemas Rice City,20.96330310239259,105.82302689552307,Multiplex
Ba Đình District,21.036305399999996,105.82898610000001,War Memorial To John Mccain,21.046975,105.836946,Memorial Site
Ba Đình District,21.036305399999996,105.82898610000001,CGV Cinemas Vincom Metropolis Liễu Giai,21.031517,105.8148,Multiplex
Ba Đình District,21.036305399999996,105.82898610000001,Nhà hát tuồng Việt Nam,21.031594929539388,105.84696292877197,Theater
Ba Đình District,21.036305399999996,105.82898610000001,Bảo Tàng Công An Hà Nội,21.032223513493328,105.84857896087993,Museum
Ba Đình District,21.036305399999996,105.82898610000001,Golden Bell Theatre (Rạp Chuông Vàng),21.034088674755075,105.85192766934135,Performing Arts Venue
Ba Đình District,21.036305399999996,105.82898610000001,Con Đường Gốm Sứ (Hanoi Ceramic Mosaic Mural),21.03544722615097,105.85447937970807,Public Art
Ba Đình District,21.036305399999996,105.82898610000001,CGV Cinemas Tràng Tiền Plaza,21.024950419685954,105.85317760705948,Multiplex
Ba Đình District,21.036305399999996,105.82898610000001,Clb khiêu vũ,21.022872102966183,105.85193913762441,Dance Studio
Ba Đình District,21.036305399999996,105.82898610000001,Nhà Hát Kịch Hà Nội,21.024185685500868,105.85490944669199,Theater
Ba Đình District,21.036305399999996,105.82898610000001,Heineken Countdown Party,21.024572543354292,105.8564921017329,Music Venue
Ba Đình District,21.036305399999996,105.82898610000001,CGV D'. Le Roi Soleil,21.06506833595562,105.82727015018462,Multiplex
Ba Đình District,21.036305399999996,105.82898610000001,Rạp Đại Nam (Dai Nam Theatre),21.016472856940318,105.8515977859497,Concert Hall
Ba Đình District,21.036305399999996,105.82898610000001,Hải Sản Mai Liên,21.006077,105.83441,Zoo Exhibit
Bắc Từ Liêm District,21.071569500000006,105.76047190713345,Café Nhà Sàn,21.043892939399125,105.80714368655174,Art Gallery
Bắc Từ Liêm District,21.071569500000006,105.76047190713345,Bảo Tàng Dân Tộc Học Việt Nam (Vietnam Museum of Ethnology),21.040516428659032,105.79811664833386,Museum
Bắc Từ Liêm District,21.071569500000006,105.76047190713345,CGV Cinemas Indochina Plaza Hanoi,21.0361260143031,105.78243242237413,Multiplex
Bắc Từ Liêm District,21.071569500000006,105.76047190713345,CGV Cinemas Vincom Nguyễn Chí Thanh,21.02305755193666,105.80950735096916,Multiplex
Bắc Từ Liêm District,21.071569500000006,105.76047190713345,Thu Huong Hanoi Lacquerware,21.038515527801025,105.80144956894893,Art Museum
Bắc Từ Liêm District,21.071569500000006,105.76047190713345,CGV Cinemas Hà Nội Centerpoint,21.00413262624615,105.80502703699818,Multiplex
Bắc Từ Liêm District,21.071569500000006,105.76047190713345,CGV Cinemas MIPEC Tower,21.005394388454484,105.82394035998118,Multiplex
Bắc Từ Liêm District,21.071569500000006,105.76047190713345,Bảo Tàng Mỹ Thuật Việt Nam (Vietnam Fine Arts Museum),21.030434334914602,105.83706761801307,Art Museum
Bắc Từ Liêm District,21.071569500000006,105.76047190713345,Polygon Music Bar,21.029772552327778,105.82974967942927,Rock Club
Bắc Từ Liêm District,21.071569500000006,105.76047190713345,CGV Cinemas Vincom Royal City,21.002600670455926,105.81550796977224,Multiplex
Bắc Từ Liêm District,21.071569500000006,105.76047190713345,Bảo Tàng Hồ Chí Minh (Ho Chi Minh Museum) (Bảo Tàng Hồ Chí Minh),21.03557201390834,105.83295593093686,History Museum
Bắc Từ Liêm District,21.071569500000006,105.76047190713345,CGV Vincom BẮC TỪ LIÊM,21.053303937207694,105.78026175498962,Multiplex
Bắc Từ Liêm District,21.071569500000006,105.76047190713345,Bảo Tàng Chiến Thắng B52 (B52 Victory Museum) (Bảo Tàng Chiến Thắng B52),21.035335152540995,105.82588613033295,History Museum
Bắc Từ Liêm District,21.071569500000006,105.76047190713345,Bảo Tàng Lịch Sử Quân Sự Việt Nam (Vietnam Military History Museum) (Bảo Tàng Lịch Sử Quân Sự Việt Nam),21.032182251208475,105.84022621323761,History Museum
Bắc Từ Liêm District,21.071569500000006,105.76047190713345,Nhà Hát Âu Cơ,21.01823,105.8121,Concert Hall
Bắc Từ Liêm District,21.071569500000006,105.76047190713345,Trung Tâm Chiếu Phim Quốc Gia (National Cinema Centre),21.016773310402904,105.81528067588806,Movie Theater
Bắc Từ Liêm District,21.071569500000006,105.76047190713345,Platinum Cineplex,21.015307476294716,105.7778080622532,Multiplex
Bắc Từ Liêm District,21.071569500000006,105.76047190713345,CGV D'. Le Roi Soleil,21.06506833595562,105.82727015018462,Multiplex
Bắc Từ Liêm District,21.071569500000006,105.76047190713345,Bảo Tàng Hà Nội \ Hanoi Museum,21.010843101498523,105.78685083786095,Art Museum
Bắc Từ Liêm District,21.071569500000006,105.76047190713345,CGV Cinemas Vincom Metropolis Liễu Giai,21.031517,105.8148,Multiplex
Bắc Từ Liêm District,21.071569500000006,105.76047190713345,CGV Cinemas Vincom Trần Duy Hưng,21.007078373368763,105.79561471939087,Multiplex
Bắc Từ Liêm District,21.071569500000006,105.76047190713345,Acid Acoustic Bar,21.02843714441615,105.82279477807838,Music Venue
Bắc Từ Liêm District,21.071569500000006,105.76047190713345,Nhà Hát Kim Mã,21.03214810652277,105.8272786167014,Theater
Bắc Từ Liêm District,21.071569500000006,105.76047190713345,War Memorial To John Mccain,21.046975,105.836946,Memorial Site
Bắc Từ Liêm District,21.071569500000006,105.76047190713345,タンロン遺跡,21.035943,105.840309,History Museum
Bắc Từ Liêm District,21.071569500000006,105.76047190713345,Vincom Center Contemporary Art,21.003688,105.81486,Art Gallery
Cầu Giấy District,21.0363077,105.78607520000001,Bảo Tàng Dân Tộc Học Việt Nam (Vietnam Museum of Ethnology),21.040516428659032,105.79811664833386,Museum
Cầu Giấy District,21.0363077,105.78607520000001,Café Nhà Sàn,21.043892939399125,105.80714368655174,Art Gallery
Cầu Giấy District,21.0363077,105.78607520000001,CGV Cinemas Indochina Plaza Hanoi,21.0361260143031,105.78243242237413,Multiplex
Cầu Giấy District,21.0363077,105.78607520000001,CGV Cinemas Vincom Nguyễn Chí Thanh,21.02305755193666,105.80950735096916,Multiplex
Cầu Giấy District,21.0363077,105.78607520000001,Thu Huong Hanoi Lacquerware,21.038515527801025,105.80144956894893,Art Museum
Cầu Giấy District,21.0363077,105.78607520000001,BHD Star Cineplex Vincom Phạm Ngọc Thạch,21.006540792883072,105.831992307879,Movie Theater
Cầu Giấy District,21.0363077,105.78607520000001,CGV Cinemas Hà Nội Centerpoint,21.00413262624615,105.80502703699818,Multiplex
Cầu Giấy District,21.0363077,105.78607520000001,CGV Cinemas MIPEC Tower,21.005394388454484,105.82394035998118,Multiplex
Cầu Giấy District,21.0363077,105.78607520000001,CAMA ATK,21.014080115557686,105.85105748436698,Music Venue
Cầu Giấy District,21.0363077,105.78607520000001,Bình Minh Jazz Club,21.02402035990833,105.85817476867993,Jazz Club
Cầu Giấy District,21.0363077,105.78607520000001,Nhà Hát Lớn Hà Nội (Hanoi Opera House),21.024234297880994,105.85727607952052,Opera House
Cầu Giấy District,21.0363077,105.78607520000001,Bảo Tàng Mỹ Thuật Việt Nam (Vietnam Fine Arts Museum),21.030434334914602,105.83706761801307,Art Museum
Cầu Giấy District,21.0363077,105.78607520000001,Bảo Tàng Phụ Nữ Việt Nam (Vietnamese Women's Museum) (Bảo Tàng Phụ Nữ Việt Nam),21.02325961116907,105.85161795002985,History Museum
Cầu Giấy District,21.0363077,105.78607520000001,Old Propaganda Poster Shop,21.032960612792422,105.85198501076371,Art Gallery
Cầu Giấy District,21.0363077,105.78607520000001,CGV Cinemas Vincom Royal City,21.002600670455926,105.81550796977224,Multiplex
Cầu Giấy District,21.0363077,105.78607520000001,Bảo Tàng Cách Mạng Việt Nam (Museum of the Vietnamese Revolution) (Bảo Tàng Cách Mạng Việt Nam),21.025365611536266,105.85770203910008,History Museum
Cầu Giấy District,21.0363077,105.78607520000001,"Hỏa Lò (Hoa Lo Prison or ""Hanoi Hilton"")",21.025493711698335,105.84655415220422,History Museum
Cầu Giấy District,21.0363077,105.78607520000001,Polygon Music Bar,21.029772552327778,105.82974967942927,Rock Club
Cầu Giấy District,21.0363077,105.78607520000001,CGV Cinemas Vincom Center,21.01120141070711,105.84927539732773,Multiplex
Cầu Giấy District,21.0363077,105.78607520000001,Nhà cổ 87 Mã Mây / Traditional House,21.034430263325408,105.85346218783775,History Museum
Cầu Giấy District,21.0363077,105.78607520000001,Nhà Hát Tuổi Trẻ (Youth Theatre),21.01762981094726,105.85320592711778,Theater
Cầu Giấy District,21.0363077,105.78607520000001,Bảo Tàng Hồ Chí Minh (Ho Chi Minh Museum) (Bảo Tàng Hồ Chí Minh),21.03557201390834,105.83295593093686,History Museum
Cầu Giấy District,21.0363077,105.78607520000001,Nhà Hát Múa Rối Thăng Long (Thang Long Water Puppetry Theatre) (Nhà Hát Múa Rối Thăng Long),21.031611343031564,105.85312781681033,Theater
Cầu Giấy District,21.0363077,105.78607520000001,Bảo Tàng Phòng Không Không Quân (Air Force Museum),21.00044779540897,105.82920670509338,History Museum
Cầu Giấy District,21.0363077,105.78607520000001,Bảo Tàng Lịch Sử Quốc Gia (Vietnam National Museum of History),21.024794226069417,105.85941660833218,History Museum
Cầu Giấy District,21.0363077,105.78607520000001,Nhà Hát Âu Cơ,21.01823,105.8121,Concert Hall
Cầu Giấy District,21.0363077,105.78607520000001,Bảo Tàng Lịch Sử Quân Sự Việt Nam (Vietnam Military History Museum) (Bảo Tàng Lịch Sử Quân Sự Việt Nam),21.032182251208475,105.84022621323761,History Museum
Cầu Giấy District,21.0363077,105.78607520000001,Vân Yến Art Café,21.026588432884548,105.85020644245067,Art Gallery
Cầu Giấy District,21.0363077,105.78607520000001,CGV Cinemas ARTEMIS,21.000040664235605,105.82892199585358,Multiplex
Cầu Giấy District,21.0363077,105.78607520000001,Trung Tâm Chiếu Phim Quốc Gia (National Cinema Centre),21.016773310402904,105.81528067588806,Movie Theater
Cầu Giấy District,21.0363077,105.78607520000001,CGV Vincom BẮC TỪ LIÊM,21.053303937207694,105.78026175498962,Multiplex
Cầu Giấy District,21.0363077,105.78607520000001,CGV Cinemas Rice City,20.96330310239259,105.82302689552307,Multiplex
Cầu Giấy District,21.0363077,105.78607520000001,Bảo Tàng Hà Nội \ Hanoi Museum,21.010843101498523,105.78685083786095,Art Museum
Cầu Giấy District,21.0363077,105.78607520000001,CGV Cinemas Vincom Metropolis Liễu Giai,21.031517,105.8148,Multiplex
Cầu Giấy District,21.0363077,105.78607520000001,CGV Cinemas Vincom Trần Duy Hưng,21.007078373368763,105.79561471939087,Multiplex
Cầu Giấy District,21.0363077,105.78607520000001,Không Gian Văn Hoá Việt (Lotus Water Puppet Theater),21.02846866273835,105.85121847642561,Theater
Cầu Giấy District,21.0363077,105.78607520000001,Acid Acoustic Bar,21.02843714441615,105.82279477807838,Music Venue
Cầu Giấy District,21.0363077,105.78607520000001,Nhà Hát Kim Mã,21.03214810652277,105.8272786167014,Theater
Cầu Giấy District,21.0363077,105.78607520000001,Rạp Kim Đồng,21.023949418148014,105.85285549984488,Movie Theater
Cầu Giấy District,21.0363077,105.78607520000001,Vincom Center Contemporary Art,21.003688,105.81486,Art Gallery
Cầu Giấy District,21.0363077,105.78607520000001,Bảo Tàng Đường Hồ Chí Minh (Ho Chi Minh Trail Museum),20.953912,105.748666,History Museum
Cầu Giấy District,21.0363077,105.78607520000001,CGV D'. Le Roi Soleil,21.06506833595562,105.82727015018462,Multiplex
Cầu Giấy District,21.0363077,105.78607520000001,War Memorial To John Mccain,21.046975,105.836946,Memorial Site
Cầu Giấy District,21.0363077,105.78607520000001,タンロン遺跡,21.035943,105.840309,History Museum
Cầu Giấy District,21.0363077,105.78607520000001,Hải Sản Mai Liên,21.006077,105.83441,Zoo Exhibit
Cầu Giấy District,21.0363077,105.78607520000001,Nhà hát tuồng Việt Nam,21.031594929539388,105.84696292877197,Theater
Cầu Giấy District,21.0363077,105.78607520000001,Bảo Tàng Công An Hà Nội,21.032223513493328,105.84857896087993,Museum
Cầu Giấy District,21.0363077,105.78607520000001,Golden Bell Theatre (Rạp Chuông Vàng),21.034088674755075,105.85192766934135,Performing Arts Venue
Cầu Giấy District,21.0363077,105.78607520000001,Clb khiêu vũ,21.022872102966183,105.85193913762441,Dance Studio
Cầu Giấy District,21.0363077,105.78607520000001,CGV Cinemas Tràng Tiền Plaza,21.024950419685954,105.85317760705948,Multiplex
Chương Mỹ District,20.8784745,105.64924976305664,Xuan Mai Pagoda,20.919903266461585,105.64431405925757,History Museum
Chương Mỹ District,20.8784745,105.64924976305664,Ms An's  Studio,20.906313,105.576906,Art Gallery
Chương Mỹ District,20.8784745,105.64924976305664,Tập Hiphop Genie crew,20.91022502014961,105.57533224329534,Dance Studio
Đan Phượng District,21.11962705,105.67846875670617,Star Cinema,21.085832,105.663506,Movie Theater
Đan Phượng District,21.11962705,105.67846875670617,Bảo Tàng Nguyễn Văn Huyên,21.05946,105.72156,Museum
Đông Anh District,21.1367358,105.84635906028332,Hanoi Rock City,21.06976941784931,105.82349372989283,Rock Club
Đông Anh District,21.1367358,105.84635906028332,Work Room Four,21.086623,105.812393,Art Gallery
Đông Anh District,21.1367358,105.84635906028332,CGV D'. Le Roi Soleil,21.06506833595562,105.82727015018462,Multiplex
Đống Đa District,21.0144882,105.82358773627462,BHD Star Cineplex Vincom Phạm Ngọc Thạch,21.006540792883072,105.831992307879,Movie Theater
Đống Đa District,21.0144882,105.82358773627462,Café Nhà Sàn,21.043892939399125,105.80714368655174,Art Gallery
Đống Đa District,21.0144882,105.82358773627462,CGV Cinemas Vincom Nguyễn Chí Thanh,21.02305755193666,105.80950735096916,Multiplex
Đống Đa District,21.0144882,105.82358773627462,CGV Cinemas MIPEC Tower,21.005394388454484,105.82394035998118,Multiplex
Đống Đa District,21.0144882,105.82358773627462,Bảo Tàng Dân Tộc Học Việt Nam (Vietnam Museum of Ethnology),21.040516428659032,105.79811664833386,Museum
Đống Đa District,21.0144882,105.82358773627462,CAMA ATK,21.014080115557686,105.85105748436698,Music Venue
Đống Đa District,21.0144882,105.82358773627462,Bình Minh Jazz Club,21.02402035990833,105.85817476867993,Jazz Club
Đống Đa District,21.0144882,105.82358773627462,Nhà Hát Lớn Hà Nội (Hanoi Opera House),21.024234297880994,105.85727607952052,Opera House
Đống Đa District,21.0144882,105.82358773627462,CGV Cinemas Hà Nội Centerpoint,21.00413262624615,105.80502703699818,Multiplex
Đống Đa District,21.0144882,105.82358773627462,Bảo Tàng Phụ Nữ Việt Nam (Vietnamese Women's Museum) (Bảo Tàng Phụ Nữ Việt Nam),21.02325961116907,105.85161795002985,History Museum
Đống Đa District,21.0144882,105.82358773627462,Bảo Tàng Mỹ Thuật Việt Nam (Vietnam Fine Arts Museum),21.030434334914602,105.83706761801307,Art Museum
Đống Đa District,21.0144882,105.82358773627462,Old Propaganda Poster Shop,21.032960612792422,105.85198501076371,Art Gallery
Đống Đa District,21.0144882,105.82358773627462,Bảo Tàng Cách Mạng Việt Nam (Museum of the Vietnamese Revolution) (Bảo Tàng Cách Mạng Việt Nam),21.025365611536266,105.85770203910008,History Museum
Đống Đa District,21.0144882,105.82358773627462,CGV Cinemas Vincom Center,21.01120141070711,105.84927539732773,Multiplex
Đống Đa District,21.0144882,105.82358773627462,Thu Huong Hanoi Lacquerware,21.038515527801025,105.80144956894893,Art Museum
Đống Đa District,21.0144882,105.82358773627462,"Hỏa Lò (Hoa Lo Prison or ""Hanoi Hilton"")",21.025493711698335,105.84655415220422,History Museum
Đống Đa District,21.0144882,105.82358773627462,CGV Cinemas Vincom Royal City,21.002600670455926,105.81550796977224,Multiplex
Đống Đa District,21.0144882,105.82358773627462,CGV Cinemas Indochina Plaza Hanoi,21.0361260143031,105.78243242237413,Multiplex
Đống Đa District,21.0144882,105.82358773627462,Polygon Music Bar,21.029772552327778,105.82974967942927,Rock Club
Đống Đa District,21.0144882,105.82358773627462,Nhà cổ 87 Mã Mây / Traditional House,21.034430263325408,105.85346218783775,History Museum
Đống Đa District,21.0144882,105.82358773627462,Nhà Hát Tuổi Trẻ (Youth Theatre),21.01762981094726,105.85320592711778,Theater
Đống Đa District,21.0144882,105.82358773627462,CGV Cinemas Aeon Long Bien,21.02648051803252,105.90044868623511,Multiplex
Đống Đa District,21.0144882,105.82358773627462,Bảo Tàng Phòng Không Không Quân (Air Force Museum),21.00044779540897,105.82920670509338,History Museum
Đống Đa District,21.0144882,105.82358773627462,Nhà Hát Múa Rối Thăng Long (Thang Long Water Puppetry Theatre) (Nhà Hát Múa Rối Thăng Long),21.031611343031564,105.85312781681033,Theater
Đống Đa District,21.0144882,105.82358773627462,Bảo Tàng Hồ Chí Minh (Ho Chi Minh Museum) (Bảo Tàng Hồ Chí Minh),21.03557201390834,105.83295593093686,History Museum
Đống Đa District,21.0144882,105.82358773627462,Bảo Tàng Lịch Sử Quốc Gia (Vietnam National Museum of History),21.024794226069417,105.85941660833218,History Museum
Đống Đa District,21.0144882,105.82358773627462,CGV Cinemas ARTEMIS,21.000040664235605,105.82892199585358,Multiplex
Đống Đa District,21.0144882,105.82358773627462,Vân Yến Art Café,21.026588432884548,105.85020644245067,Art Gallery
Đống Đa District,21.0144882,105.82358773627462,Bảo Tàng Lịch Sử Quân Sự Việt Nam (Vietnam Military History Museum) (Bảo Tàng Lịch Sử Quân Sự Việt Nam),21.032182251208475,105.84022621323761,History Museum
Đống Đa District,21.0144882,105.82358773627462,Nhà Hát Âu Cơ,21.01823,105.8121,Concert Hall
Đống Đa District,21.0144882,105.82358773627462,CGV Cinemas Rice City,20.96330310239259,105.82302689552307,Multiplex
Đống Đa District,21.0144882,105.82358773627462,Trung Tâm Chiếu Phim Quốc Gia (National Cinema Centre),21.016773310402904,105.81528067588806,Movie Theater
Đống Đa District,21.0144882,105.82358773627462,Không Gian Văn Hoá Việt (Lotus Water Puppet Theater),21.02846866273835,105.85121847642561,Theater
Đống Đa District,21.0144882,105.82358773627462,Rạp Kim Đồng,21.023949418148014,105.85285549984488,Movie Theater
Đống Đa District,21.0144882,105.82358773627462,Hải Sản Mai Liên,21.006077,105.83441,Zoo Exhibit
Đống Đa District,21.0144882,105.82358773627462,Vincom Center Contemporary Art,21.003688,105.81486,Art Gallery
Đống Đa District,21.0144882,105.82358773627462,Acid Acoustic Bar,21.02843714441615,105.82279477807838,Music Venue
Đống Đa District,21.0144882,105.82358773627462,Nhà Hát Kim Mã,21.03214810652277,105.8272786167014,Theater
Đống Đa District,21.0144882,105.82358773627462,CGV Cinemas Vincom Metropolis Liễu Giai,21.031517,105.8148,Multiplex
Đống Đa District,21.0144882,105.82358773627462,Rạp Đại Nam (Dai Nam Theatre),21.016472856940318,105.8515977859497,Concert Hall
Đống Đa District,21.0144882,105.82358773627462,タンロン遺跡,21.035943,105.840309,History Museum
Đống Đa District,21.0144882,105.82358773627462,CGV Cinemas Vincom Trần Duy Hưng,21.007078373368763,105.79561471939087,Multiplex
Đống Đa District,21.0144882,105.82358773627462,Nhà hát tuồng Việt Nam,21.031594929539388,105.84696292877197,Theater
Đống Đa District,21.0144882,105.82358773627462,Clb khiêu vũ,21.022872102966183,105.85193913762441,Dance Studio
Đống Đa District,21.0144882,105.82358773627462,Bảo Tàng Công An Hà Nội,21.032223513493328,105.84857896087993,Museum
Đống Đa District,21.0144882,105.82358773627462,CGV Cinemas Tràng Tiền Plaza,21.024950419685954,105.85317760705948,Multiplex
Đống Đa District,21.0144882,105.82358773627462,Nhà Hát Kịch Hà Nội,21.024185685500868,105.85490944669199,Theater
Đống Đa District,21.0144882,105.82358773627462,Heineken Countdown Party,21.024572543354292,105.8564921017329,Music Venue
Đống Đa District,21.0144882,105.82358773627462,Golden Bell Theatre (Rạp Chuông Vàng),21.034088674755075,105.85192766934135,Performing Arts Venue
Đống Đa District,21.0144882,105.82358773627462,Bảo Tàng Hà Nội \ Hanoi Museum,21.010843101498523,105.78685083786095,Art Museum
Gia Lâm District,21.0237482,105.97041496102682,CGV Cinemas Aeon Long Bien,21.02648051803252,105.90044868623511,Multiplex
Hà Đông District,20.9535901,105.75997063168222,CGV Cinemas Hồ Gươm Plaza,20.961292734330094,105.78217792328508,Multiplex
Hà Đông District,20.9535901,105.75997063168222,BHD Star Cineplex Vincom Phạm Ngọc Thạch,21.006540792883072,105.831992307879,Movie Theater
Hà Đông District,20.9535901,105.75997063168222,CGV Cinemas Hà Nội Centerpoint,21.00413262624615,105.80502703699818,Multiplex
Hà Đông District,20.9535901,105.75997063168222,CGV Cinemas Vincom Nguyễn Chí Thanh,21.02305755193666,105.80950735096916,Multiplex
Hà Đông District,20.9535901,105.75997063168222,CGV Cinemas MIPEC Tower,21.005394388454484,105.82394035998118,Multiplex
Hà Đông District,20.9535901,105.75997063168222,Lotte Cinema,21.01742845123003,105.7838758875727,Multiplex
Hà Đông District,20.9535901,105.75997063168222,CGV Cinemas Indochina Plaza Hanoi,21.0361260143031,105.78243242237413,Multiplex
Hà Đông District,20.9535901,105.75997063168222,CGV Cinemas Vincom Royal City,21.002600670455926,105.81550796977224,Multiplex
Hà Đông District,20.9535901,105.75997063168222,Holyland Rock Bar,21.011355211173445,105.83219375040116,Rock Club
Hà Đông District,20.9535901,105.75997063168222,Bảo Tàng Đường Hồ Chí Minh (Ho Chi Minh Trail Museum),20.953912,105.748666,History Museum
Hà Đông District,20.9535901,105.75997063168222,Bảo Tàng Phòng Không Không Quân (Air Force Museum),21.00044779540897,105.82920670509338,History Museum
Hà Đông District,20.9535901,105.75997063168222,CGV Cinemas Rice City,20.96330310239259,105.82302689552307,Multiplex
Hà Đông District,20.9535901,105.75997063168222,CGV Cinemas ARTEMIS,21.000040664235605,105.82892199585358,Multiplex
Hà Đông District,20.9535901,105.75997063168222,Nhà Hát Âu Cơ,21.01823,105.8121,Concert Hall
Hà Đông District,20.9535901,105.75997063168222,Bảo Tàng Hà Nội \ Hanoi Museum,21.010843101498523,105.78685083786095,Art Museum
Hà Đông District,20.9535901,105.75997063168222,Trung Tâm Chiếu Phim Quốc Gia (National Cinema Centre),21.016773310402904,105.81528067588806,Movie Theater
Hà Đông District,20.9535901,105.75997063168222,CGV Cinemas Vincom Trần Duy Hưng,21.007078373368763,105.79561471939087,Multiplex
Hà Đông District,20.9535901,105.75997063168222,Platinum Cineplex,21.015307476294716,105.7778080622532,Multiplex
Hà Đông District,20.9535901,105.75997063168222,Tvix House,21.006938152715104,105.80576419830322,Movie Theater
Hà Đông District,20.9535901,105.75997063168222,Vincom Center Contemporary Art,21.003688,105.81486,Art Gallery
Hà Đông District,20.9535901,105.75997063168222,Viet Nam puppetry theatre,21.00194212871138,105.82159954072888,Theater
Hà Đông District,20.9535901,105.75997063168222,Chung cư Nam Đô,20.97949847102459,105.8450009553532,Amphitheater
Hà Đông District,20.9535901,105.75997063168222,C.A.P Studio,21.03552974736602,105.77985204286136,Dance Studio
Hà Đông District,20.9535901,105.75997063168222,Trung Tâm Thể Dục Thể Thao Thành Công,21.020324074149283,105.81512959101711,Dance Studio
Hà Đông District,20.9535901,105.75997063168222,Hải Sản Mai Liên,21.006077,105.83441,Zoo Exhibit
Hai Bà Trưng District,21.006518399999997,105.8576709324166,CAMA ATK,21.014080115557686,105.85105748436698,Music Venue
Hai Bà Trưng District,21.006518399999997,105.8576709324166,Bình Minh Jazz Club,21.02402035990833,105.85817476867993,Jazz Club
Hai Bà Trưng District,21.006518399999997,105.8576709324166,BHD Star Cineplex Vincom Phạm Ngọc Thạch,21.006540792883072,105.831992307879,Movie Theater
Hai Bà Trưng District,21.006518399999997,105.8576709324166,Nhà Hát Lớn Hà Nội (Hanoi Opera House),21.024234297880994,105.85727607952052,Opera House
Hai Bà Trưng District,21.006518399999997,105.8576709324166,Bảo Tàng Phụ Nữ Việt Nam (Vietnamese Women's Museum) (Bảo Tàng Phụ Nữ Việt Nam),21.02325961116907,105.85161795002985,History Museum
Hai Bà Trưng District,21.006518399999997,105.8576709324166,Bảo Tàng Cách Mạng Việt Nam (Museum of the Vietnamese Revolution) (Bảo Tàng Cách Mạng Việt Nam),21.025365611536266,105.85770203910008,History Museum
Hai Bà Trưng District,21.006518399999997,105.8576709324166,Café Nhà Sàn,21.043892939399125,105.80714368655174,Art Gallery
Hai Bà Trưng District,21.006518399999997,105.8576709324166,CGV Cinemas Vincom Center,21.01120141070711,105.84927539732773,Multiplex
Hai Bà Trưng District,21.006518399999997,105.8576709324166,CGV Cinemas MIPEC Tower,21.005394388454484,105.82394035998118,Multiplex
Hai Bà Trưng District,21.006518399999997,105.8576709324166,Old Propaganda Poster Shop,21.032960612792422,105.85198501076371,Art Gallery
Hai Bà Trưng District,21.006518399999997,105.8576709324166,CGV Cinemas Aeon Long Bien,21.02648051803252,105.90044868623511,Multiplex
Hai Bà Trưng District,21.006518399999997,105.8576709324166,CGV Cinemas Vincom Nguyễn Chí Thanh,21.02305755193666,105.80950735096916,Multiplex
Hai Bà Trưng District,21.006518399999997,105.8576709324166,Bảo Tàng Dân Tộc Học Việt Nam (Vietnam Museum of Ethnology),21.040516428659032,105.79811664833386,Museum
Hai Bà Trưng District,21.006518399999997,105.8576709324166,Bảo Tàng Mỹ Thuật Việt Nam (Vietnam Fine Arts Museum),21.030434334914602,105.83706761801307,Art Museum
Hai Bà Trưng District,21.006518399999997,105.8576709324166,"Hỏa Lò (Hoa Lo Prison or ""Hanoi Hilton"")",21.025493711698335,105.84655415220422,History Museum
Hai Bà Trưng District,21.006518399999997,105.8576709324166,Nhà Hát Tuổi Trẻ (Youth Theatre),21.01762981094726,105.85320592711778,Theater
Hai Bà Trưng District,21.006518399999997,105.8576709324166,Nhà cổ 87 Mã Mây / Traditional House,21.034430263325408,105.85346218783775,History Museum
Hai Bà Trưng District,21.006518399999997,105.8576709324166,CGV Cinemas Hà Nội Centerpoint,21.00413262624615,105.80502703699818,Multiplex
Hai Bà Trưng District,21.006518399999997,105.8576709324166,CGV Cinemas Vincom Royal City,21.002600670455926,105.81550796977224,Multiplex
Hai Bà Trưng District,21.006518399999997,105.8576709324166,Polygon Music Bar,21.029772552327778,105.82974967942927,Rock Club
Hai Bà Trưng District,21.006518399999997,105.8576709324166,Thu Huong Hanoi Lacquerware,21.038515527801025,105.80144956894893,Art Museum
Hai Bà Trưng District,21.006518399999997,105.8576709324166,CGV Cinemas Indochina Plaza Hanoi,21.0361260143031,105.78243242237413,Multiplex
Hai Bà Trưng District,21.006518399999997,105.8576709324166,Nhà Hát Múa Rối Thăng Long (Thang Long Water Puppetry Theatre) (Nhà Hát Múa Rối Thăng Long),21.031611343031564,105.85312781681033,Theater
Hai Bà Trưng District,21.006518399999997,105.8576709324166,Bảo Tàng Lịch Sử Quốc Gia (Vietnam National Museum of History),21.024794226069417,105.85941660833218,History Museum
Hai Bà Trưng District,21.006518399999997,105.8576709324166,Bảo Tàng Phòng Không Không Quân (Air Force Museum),21.00044779540897,105.82920670509338,History Museum
Hai Bà Trưng District,21.006518399999997,105.8576709324166,Bảo Tàng Hồ Chí Minh (Ho Chi Minh Museum) (Bảo Tàng Hồ Chí Minh),21.03557201390834,105.83295593093686,History Museum
Hai Bà Trưng District,21.006518399999997,105.8576709324166,Vân Yến Art Café,21.026588432884548,105.85020644245067,Art Gallery
Hai Bà Trưng District,21.006518399999997,105.8576709324166,Bảo Tàng Lịch Sử Quân Sự Việt Nam (Vietnam Military History Museum) (Bảo Tàng Lịch Sử Quân Sự Việt Nam),21.032182251208475,105.84022621323761,History Museum
Hai Bà Trưng District,21.006518399999997,105.8576709324166,CGV Cinemas ARTEMIS,21.000040664235605,105.82892199585358,Multiplex
Hai Bà Trưng District,21.006518399999997,105.8576709324166,CGV Cinemas Rice City,20.96330310239259,105.82302689552307,Multiplex
Hai Bà Trưng District,21.006518399999997,105.8576709324166,Rạp Kim Đồng,21.023949418148014,105.85285549984488,Movie Theater
Hai Bà Trưng District,21.006518399999997,105.8576709324166,Không Gian Văn Hoá Việt (Lotus Water Puppet Theater),21.02846866273835,105.85121847642561,Theater
Hai Bà Trưng District,21.006518399999997,105.8576709324166,Rạp Đại Nam (Dai Nam Theatre),21.016472856940318,105.8515977859497,Concert Hall
Hai Bà Trưng District,21.006518399999997,105.8576709324166,CGV Cinemas Vincom Times City,20.994037288934106,105.86851716041565,Multiplex
Hai Bà Trưng District,21.006518399999997,105.8576709324166,Nhà Hát Âu Cơ,21.01823,105.8121,Concert Hall
Hai Bà Trưng District,21.006518399999997,105.8576709324166,Clb khiêu vũ,21.022872102966183,105.85193913762441,Dance Studio
Hai Bà Trưng District,21.006518399999997,105.8576709324166,Nhà Hát Kịch Hà Nội,21.024185685500868,105.85490944669199,Theater
Hai Bà Trưng District,21.006518399999997,105.8576709324166,Heineken Countdown Party,21.024572543354292,105.8564921017329,Music Venue
Hai Bà Trưng District,21.006518399999997,105.8576709324166,CGV Cinemas Tràng Tiền Plaza,21.024950419685954,105.85317760705948,Multiplex
Hai Bà Trưng District,21.006518399999997,105.8576709324166,Hải Sản Mai Liên,21.006077,105.83441,Zoo Exhibit
Hai Bà Trưng District,21.006518399999997,105.8576709324166,Trung Tâm Chiếu Phim Quốc Gia (National Cinema Centre),21.016773310402904,105.81528067588806,Movie Theater
Hai Bà Trưng District,21.006518399999997,105.8576709324166,Nhà hát tuồng Việt Nam,21.031594929539388,105.84696292877197,Theater
Hai Bà Trưng District,21.006518399999997,105.8576709324166,Bảo Tàng Công An Hà Nội,21.032223513493328,105.84857896087993,Museum
Hai Bà Trưng District,21.006518399999997,105.8576709324166,Golden Bell Theatre (Rạp Chuông Vàng),21.034088674755075,105.85192766934135,Performing Arts Venue
Hai Bà Trưng District,21.006518399999997,105.8576709324166,Con Đường Gốm Sứ (Hanoi Ceramic Mosaic Mural),21.03544722615097,105.85447937970807,Public Art
Hai Bà Trưng District,21.006518399999997,105.8576709324166,Chung cư Nam Đô,20.97949847102459,105.8450009553532,Amphitheater
Hai Bà Trưng District,21.006518399999997,105.8576709324166,タンロン遺跡,21.035943,105.840309,History Museum
Hai Bà Trưng District,21.006518399999997,105.8576709324166,Nhà Hát Kim Mã,21.03214810652277,105.8272786167014,Theater
Hai Bà Trưng District,21.006518399999997,105.8576709324166,Acid Acoustic Bar,21.02843714441615,105.82279477807838,Music Venue
Hai Bà Trưng District,21.006518399999997,105.8576709324166,Vincom Center Contemporary Art,21.003688,105.81486,Art Gallery
Hoài Đức District,21.0230656,105.70338442866341,CGV Cinemas Indochina Plaza Hanoi,21.0361260143031,105.78243242237413,Multiplex
Hoài Đức District,21.0230656,105.70338442866341,Lotte Cinema,21.01742845123003,105.7838758875727,Multiplex
Hoài Đức District,21.0230656,105.70338442866341,Lotte Cinema,20.96438287128987,105.77164162356338,Multiplex
Hoài Đức District,21.0230656,105.70338442866341,Bảo Tàng Đường Hồ Chí Minh (Ho Chi Minh Trail Museum),20.953912,105.748666,History Museum
Hoài Đức District,21.0230656,105.70338442866341,Platinum Cineplex,21.015307476294716,105.7778080622532,Multiplex
Hoài Đức District,21.0230656,105.70338442866341,C.A.P Studio,21.03552974736602,105.77985204286136,Dance Studio
Hoài Đức District,21.0230656,105.70338442866341,Bảo Tàng Hà Nội \ Hanoi Museum,21.010843101498523,105.78685083786095,Art Museum
Hoài Đức District,21.0230656,105.70338442866341,CGV Vincom BẮC TỪ LIÊM,21.053303937207694,105.78026175498962,Multiplex
Hoài Đức District,21.0230656,105.70338442866341,CGV Cinemas Vincom Trần Duy Hưng,21.007078373368763,105.79561471939087,Multiplex
Hoàn Kiếm District,21.03030915,105.85426421094364,Bình Minh Jazz Club,21.02402035990833,105.85817476867993,Jazz Club
Hoàn Kiếm District,21.03030915,105.85426421094364,Nhà Hát Lớn Hà Nội (Hanoi Opera House),21.024234297880994,105.85727607952052,Opera House
Hoàn Kiếm District,21.03030915,105.85426421094364,CAMA ATK,21.014080115557686,105.85105748436698,Music Venue
Hoàn Kiếm District,21.03030915,105.85426421094364,Bảo Tàng Phụ Nữ Việt Nam (Vietnamese Women's Museum) (Bảo Tàng Phụ Nữ Việt Nam),21.02325961116907,105.85161795002985,History Museum
Hoàn Kiếm District,21.03030915,105.85426421094364,BHD Star Cineplex Vincom Phạm Ngọc Thạch,21.006540792883072,105.831992307879,Movie Theater
Hoàn Kiếm District,21.03030915,105.85426421094364,Old Propaganda Poster Shop,21.032960612792422,105.85198501076371,Art Gallery
Hoàn Kiếm District,21.03030915,105.85426421094364,Café Nhà Sàn,21.043892939399125,105.80714368655174,Art Gallery
Hoàn Kiếm District,21.03030915,105.85426421094364,Bảo Tàng Cách Mạng Việt Nam (Museum of the Vietnamese Revolution) (Bảo Tàng Cách Mạng Việt Nam),21.025365611536266,105.85770203910008,History Museum
Hoàn Kiếm District,21.03030915,105.85426421094364,Nhà cổ 87 Mã Mây / Traditional House,21.034430263325408,105.85346218783775,History Museum
Hoàn Kiếm District,21.03030915,105.85426421094364,Bảo Tàng Mỹ Thuật Việt Nam (Vietnam Fine Arts Museum),21.030434334914602,105.83706761801307,Art Museum
Hoàn Kiếm District,21.03030915,105.85426421094364,Bảo Tàng Dân Tộc Học Việt Nam (Vietnam Museum of Ethnology),21.040516428659032,105.79811664833386,Museum
Hoàn Kiếm District,21.03030915,105.85426421094364,"Hỏa Lò (Hoa Lo Prison or ""Hanoi Hilton"")",21.025493711698335,105.84655415220422,History Museum
Hoàn Kiếm District,21.03030915,105.85426421094364,CGV Cinemas Vincom Nguyễn Chí Thanh,21.02305755193666,105.80950735096916,Multiplex
Hoàn Kiếm District,21.03030915,105.85426421094364,CGV Cinemas Aeon Long Bien,21.02648051803252,105.90044868623511,Multiplex
Hoàn Kiếm District,21.03030915,105.85426421094364,CGV Cinemas MIPEC Tower,21.005394388454484,105.82394035998118,Multiplex
Hoàn Kiếm District,21.03030915,105.85426421094364,CGV Cinemas Vincom Center,21.01120141070711,105.84927539732773,Multiplex
Hoàn Kiếm District,21.03030915,105.85426421094364,Nhà Hát Tuổi Trẻ (Youth Theatre),21.01762981094726,105.85320592711778,Theater
Hoàn Kiếm District,21.03030915,105.85426421094364,Nhà Hát Múa Rối Thăng Long (Thang Long Water Puppetry Theatre) (Nhà Hát Múa Rối Thăng Long),21.031611343031564,105.85312781681033,Theater
Hoàn Kiếm District,21.03030915,105.85426421094364,CGV Cinemas Hà Nội Centerpoint,21.00413262624615,105.80502703699818,Multiplex
Hoàn Kiếm District,21.03030915,105.85426421094364,Polygon Music Bar,21.029772552327778,105.82974967942927,Rock Club
Hoàn Kiếm District,21.03030915,105.85426421094364,Thu Huong Hanoi Lacquerware,21.038515527801025,105.80144956894893,Art Museum
Hoàn Kiếm District,21.03030915,105.85426421094364,CGV Cinemas Indochina Plaza Hanoi,21.0361260143031,105.78243242237413,Multiplex
Hoàn Kiếm District,21.03030915,105.85426421094364,CGV Cinemas Vincom Royal City,21.002600670455926,105.81550796977224,Multiplex
Hoàn Kiếm District,21.03030915,105.85426421094364,Bảo Tàng Lịch Sử Quốc Gia (Vietnam National Museum of History),21.024794226069417,105.85941660833218,History Museum
Hoàn Kiếm District,21.03030915,105.85426421094364,Bảo Tàng Hồ Chí Minh (Ho Chi Minh Museum) (Bảo Tàng Hồ Chí Minh),21.03557201390834,105.83295593093686,History Museum
Hoàn Kiếm District,21.03030915,105.85426421094364,Bảo Tàng Phòng Không Không Quân (Air Force Museum),21.00044779540897,105.82920670509338,History Museum
Hoàn Kiếm District,21.03030915,105.85426421094364,Vân Yến Art Café,21.026588432884548,105.85020644245067,Art Gallery
Hoàn Kiếm District,21.03030915,105.85426421094364,Bảo Tàng Lịch Sử Quân Sự Việt Nam (Vietnam Military History Museum) (Bảo Tàng Lịch Sử Quân Sự Việt Nam),21.032182251208475,105.84022621323761,History Museum
Hoàn Kiếm District,21.03030915,105.85426421094364,Không Gian Văn Hoá Việt (Lotus Water Puppet Theater),21.02846866273835,105.85121847642561,Theater
Hoàn Kiếm District,21.03030915,105.85426421094364,Rạp Kim Đồng,21.023949418148014,105.85285549984488,Movie Theater
Hoàn Kiếm District,21.03030915,105.85426421094364,CGV Cinemas ARTEMIS,21.000040664235605,105.82892199585358,Multiplex
Hoàn Kiếm District,21.03030915,105.85426421094364,Golden Bell Theatre (Rạp Chuông Vàng),21.034088674755075,105.85192766934135,Performing Arts Venue
Hoàn Kiếm District,21.03030915,105.85426421094364,Con Đường Gốm Sứ (Hanoi Ceramic Mosaic Mural),21.03544722615097,105.85447937970807,Public Art
Hoàn Kiếm District,21.03030915,105.85426421094364,CGV Cinemas Tràng Tiền Plaza,21.024950419685954,105.85317760705948,Multiplex
Hoàn Kiếm District,21.03030915,105.85426421094364,Bảo Tàng Công An Hà Nội,21.032223513493328,105.84857896087993,Museum
Hoàn Kiếm District,21.03030915,105.85426421094364,Heineken Countdown Party,21.024572543354292,105.8564921017329,Music Venue
Hoàn Kiếm District,21.03030915,105.85426421094364,Nhà Hát Kịch Hà Nội,21.024185685500868,105.85490944669199,Theater
Hoàn Kiếm District,21.03030915,105.85426421094364,Nhà hát tuồng Việt Nam,21.031594929539388,105.84696292877197,Theater
Hoàn Kiếm District,21.03030915,105.85426421094364,Clb khiêu vũ,21.022872102966183,105.85193913762441,Dance Studio
Hoàn Kiếm District,21.03030915,105.85426421094364,CGV Cinemas Rice City,20.96330310239259,105.82302689552307,Multiplex
Hoàn Kiếm District,21.03030915,105.85426421094364,Nhà Hát Âu Cơ,21.01823,105.8121,Concert Hall
Hoàn Kiếm District,21.03030915,105.85426421094364,Rạp Đại Nam (Dai Nam Theatre),21.016472856940318,105.8515977859497,Concert Hall
Hoàn Kiếm District,21.03030915,105.85426421094364,タンロン遺跡,21.035943,105.840309,History Museum
Hoàn Kiếm District,21.03030915,105.85426421094364,Trung Tâm Chiếu Phim Quốc Gia (National Cinema Centre),21.016773310402904,105.81528067588806,Movie Theater
Hoàn Kiếm District,21.03030915,105.85426421094364,Galaxy Cinema,21.047724,105.866477,Movie Theater
Hoàn Kiếm District,21.03030915,105.85426421094364,War Memorial To John Mccain,21.046975,105.836946,Memorial Site
Hoàn Kiếm District,21.03030915,105.85426421094364,Nhà Hát Kim Mã,21.03214810652277,105.8272786167014,Theater
Hoàn Kiếm District,21.03030915,105.85426421094364,Acid Acoustic Bar,21.02843714441615,105.82279477807838,Music Venue
Hoàn Kiếm District,21.03030915,105.85426421094364,Hải Sản Mai Liên,21.006077,105.83441,Zoo Exhibit
Hoàn Kiếm District,21.03030915,105.85426421094364,CGV Cinemas Vincom Metropolis Liễu Giai,21.031517,105.8148,Multiplex
Hoàng Mai District,20.9755354,105.8574465456738,BHD Star Cineplex Vincom Phạm Ngọc Thạch,21.006540792883072,105.831992307879,Movie Theater
Hoàng Mai District,20.9755354,105.8574465456738,CAMA ATK,21.014080115557686,105.85105748436698,Music Venue
Hoàng Mai District,20.9755354,105.8574465456738,Bình Minh Jazz Club,21.02402035990833,105.85817476867993,Jazz Club
Hoàng Mai District,20.9755354,105.8574465456738,Nhà Hát Lớn Hà Nội (Hanoi Opera House),21.024234297880994,105.85727607952052,Opera House
Hoàng Mai District,20.9755354,105.8574465456738,CGV Cinemas MIPEC Tower,21.005394388454484,105.82394035998118,Multiplex
Hoàng Mai District,20.9755354,105.8574465456738,Bảo Tàng Phụ Nữ Việt Nam (Vietnamese Women's Museum) (Bảo Tàng Phụ Nữ Việt Nam),21.02325961116907,105.85161795002985,History Museum
Hoàng Mai District,20.9755354,105.8574465456738,Café Nhà Sàn,21.043892939399125,105.80714368655174,Art Gallery
Hoàng Mai District,20.9755354,105.8574465456738,CGV Cinemas Vincom Center,21.01120141070711,105.84927539732773,Multiplex
Hoàng Mai District,20.9755354,105.8574465456738,CGV Cinemas Aeon Long Bien,21.02648051803252,105.90044868623511,Multiplex
Hoàng Mai District,20.9755354,105.8574465456738,CGV Cinemas Vincom Nguyễn Chí Thanh,21.02305755193666,105.80950735096916,Multiplex
Hoàng Mai District,20.9755354,105.8574465456738,Bảo Tàng Cách Mạng Việt Nam (Museum of the Vietnamese Revolution) (Bảo Tàng Cách Mạng Việt Nam),21.025365611536266,105.85770203910008,History Museum
Hoàng Mai District,20.9755354,105.8574465456738,Bảo Tàng Dân Tộc Học Việt Nam (Vietnam Museum of Ethnology),21.040516428659032,105.79811664833386,Museum
Hoàng Mai District,20.9755354,105.8574465456738,CGV Cinemas Hà Nội Centerpoint,21.00413262624615,105.80502703699818,Multiplex
Hoàng Mai District,20.9755354,105.8574465456738,Old Propaganda Poster Shop,21.032960612792422,105.85198501076371,Art Gallery
Hoàng Mai District,20.9755354,105.8574465456738,Bảo Tàng Mỹ Thuật Việt Nam (Vietnam Fine Arts Museum),21.030434334914602,105.83706761801307,Art Museum
Hoàng Mai District,20.9755354,105.8574465456738,"Hỏa Lò (Hoa Lo Prison or ""Hanoi Hilton"")",21.025493711698335,105.84655415220422,History Museum
Hoàng Mai District,20.9755354,105.8574465456738,Nhà Hát Tuổi Trẻ (Youth Theatre),21.01762981094726,105.85320592711778,Theater
Hoàng Mai District,20.9755354,105.8574465456738,CGV Cinemas Vincom Royal City,21.002600670455926,105.81550796977224,Multiplex
Hoàng Mai District,20.9755354,105.8574465456738,Nhà cổ 87 Mã Mây / Traditional House,21.034430263325408,105.85346218783775,History Museum
Hoàng Mai District,20.9755354,105.8574465456738,Thu Huong Hanoi Lacquerware,21.038515527801025,105.80144956894893,Art Museum
Hoàng Mai District,20.9755354,105.8574465456738,Polygon Music Bar,21.029772552327778,105.82974967942927,Rock Club
Hoàng Mai District,20.9755354,105.8574465456738,Bảo Tàng Phòng Không Không Quân (Air Force Museum),21.00044779540897,105.82920670509338,History Museum
Hoàng Mai District,20.9755354,105.8574465456738,Nhà Hát Múa Rối Thăng Long (Thang Long Water Puppetry Theatre) (Nhà Hát Múa Rối Thăng Long),21.031611343031564,105.85312781681033,Theater
Hoàng Mai District,20.9755354,105.8574465456738,Bảo Tàng Lịch Sử Quốc Gia (Vietnam National Museum of History),21.024794226069417,105.85941660833218,History Museum
Hoàng Mai District,20.9755354,105.8574465456738,Bảo Tàng Hồ Chí Minh (Ho Chi Minh Museum) (Bảo Tàng Hồ Chí Minh),21.03557201390834,105.83295593093686,History Museum
Hoàng Mai District,20.9755354,105.8574465456738,CGV Cinemas Rice City,20.96330310239259,105.82302689552307,Multiplex
Hoàng Mai District,20.9755354,105.8574465456738,CGV Cinemas ARTEMIS,21.000040664235605,105.82892199585358,Multiplex
Hoàng Mai District,20.9755354,105.8574465456738,Vân Yến Art Café,21.026588432884548,105.85020644245067,Art Gallery
Hoàng Mai District,20.9755354,105.8574465456738,Bảo Tàng Lịch Sử Quân Sự Việt Nam (Vietnam Military History Museum) (Bảo Tàng Lịch Sử Quân Sự Việt Nam),21.032182251208475,105.84022621323761,History Museum
Hoàng Mai District,20.9755354,105.8574465456738,Chung cư Nam Đô,20.97949847102459,105.8450009553532,Amphitheater
Hoàng Mai District,20.9755354,105.8574465456738,CGV Cinemas Vincom Times City,20.994037288934106,105.86851716041565,Multiplex
Hoàng Mai District,20.9755354,105.8574465456738,Rạp Kim Đồng,21.023949418148014,105.85285549984488,Movie Theater
Hoàng Mai District,20.9755354,105.8574465456738,Không Gian Văn Hoá Việt (Lotus Water Puppet Theater),21.02846866273835,105.85121847642561,Theater
Hoàng Mai District,20.9755354,105.8574465456738,Nhà Hát Âu Cơ,21.01823,105.8121,Concert Hall
Hoàng Mai District,20.9755354,105.8574465456738,Hải Sản Mai Liên,21.006077,105.83441,Zoo Exhibit
Hoàng Mai District,20.9755354,105.8574465456738,Trung Tâm Chiếu Phim Quốc Gia (National Cinema Centre),21.016773310402904,105.81528067588806,Movie Theater
Hoàng Mai District,20.9755354,105.8574465456738,Rạp Đại Nam (Dai Nam Theatre),21.016472856940318,105.8515977859497,Concert Hall
Hoàng Mai District,20.9755354,105.8574465456738,Clb khiêu vũ,21.022872102966183,105.85193913762441,Dance Studio
Hoàng Mai District,20.9755354,105.8574465456738,Nhà Hát Kịch Hà Nội,21.024185685500868,105.85490944669199,Theater
Hoàng Mai District,20.9755354,105.8574465456738,Vincom Center Contemporary Art,21.003688,105.81486,Art Gallery
Hoàng Mai District,20.9755354,105.8574465456738,Heineken Countdown Party,21.024572543354292,105.8564921017329,Music Venue
Hoàng Mai District,20.9755354,105.8574465456738,CGV Cinemas Tràng Tiền Plaza,21.024950419685954,105.85317760705948,Multiplex
Hoàng Mai District,20.9755354,105.8574465456738,Nhà hát tuồng Việt Nam,21.031594929539388,105.84696292877197,Theater
Hoàng Mai District,20.9755354,105.8574465456738,Bảo Tàng Công An Hà Nội,21.032223513493328,105.84857896087993,Museum
Hoàng Mai District,20.9755354,105.8574465456738,Golden Bell Theatre (Rạp Chuông Vàng),21.034088674755075,105.85192766934135,Performing Arts Venue
Hoàng Mai District,20.9755354,105.8574465456738,Con Đường Gốm Sứ (Hanoi Ceramic Mosaic Mural),21.03544722615097,105.85447937970807,Public Art
Hoàng Mai District,20.9755354,105.8574465456738,Acid Acoustic Bar,21.02843714441615,105.82279477807838,Music Venue
Hoàng Mai District,20.9755354,105.8574465456738,タンロン遺跡,21.035943,105.840309,History Museum
Hoàng Mai District,20.9755354,105.8574465456738,Nhà Hát Kim Mã,21.03214810652277,105.8272786167014,Theater
Hoàng Mai District,20.9755354,105.8574465456738,CGV Cinemas Vincom Trần Duy Hưng,21.007078373368763,105.79561471939087,Multiplex
Long Biên District,21.0371542,105.89784527756584,CGV Cinemas Aeon Long Bien,21.02648051803252,105.90044868623511,Multiplex
Long Biên District,21.0371542,105.89784527756584,Bình Minh Jazz Club,21.02402035990833,105.85817476867993,Jazz Club
Long Biên District,21.0371542,105.89784527756584,Nhà Hát Lớn Hà Nội (Hanoi Opera House),21.024234297880994,105.85727607952052,Opera House
Long Biên District,21.0371542,105.89784527756584,CAMA ATK,21.014080115557686,105.85105748436698,Music Venue
Long Biên District,21.0371542,105.89784527756584,Bảo Tàng Phụ Nữ Việt Nam (Vietnamese Women's Museum) (Bảo Tàng Phụ Nữ Việt Nam),21.02325961116907,105.85161795002985,History Museum
Long Biên District,21.0371542,105.89784527756584,Bảo Tàng Cách Mạng Việt Nam (Museum of the Vietnamese Revolution) (Bảo Tàng Cách Mạng Việt Nam),21.025365611536266,105.85770203910008,History Museum
Long Biên District,21.0371542,105.89784527756584,BHD Star Cineplex Vincom Phạm Ngọc Thạch,21.006540792883072,105.831992307879,Movie Theater
Long Biên District,21.0371542,105.89784527756584,Old Propaganda Poster Shop,21.032960612792422,105.85198501076371,Art Gallery
Long Biên District,21.0371542,105.89784527756584,Café Nhà Sàn,21.043892939399125,105.80714368655174,Art Gallery
Long Biên District,21.0371542,105.89784527756584,Nhà cổ 87 Mã Mây / Traditional House,21.034430263325408,105.85346218783775,History Museum
Long Biên District,21.0371542,105.89784527756584,Bảo Tàng Mỹ Thuật Việt Nam (Vietnam Fine Arts Museum),21.030434334914602,105.83706761801307,Art Museum
Long Biên District,21.0371542,105.89784527756584,"Hỏa Lò (Hoa Lo Prison or ""Hanoi Hilton"")",21.025493711698335,105.84655415220422,History Museum
Long Biên District,21.0371542,105.89784527756584,CGV Cinemas Vincom Center,21.01120141070711,105.84927539732773,Multiplex
Long Biên District,21.0371542,105.89784527756584,CGV Cinemas Vincom Nguyễn Chí Thanh,21.02305755193666,105.80950735096916,Multiplex
Long Biên District,21.0371542,105.89784527756584,CGV Cinemas MIPEC Tower,21.005394388454484,105.82394035998118,Multiplex
Long Biên District,21.0371542,105.89784527756584,Nhà Hát Tuổi Trẻ (Youth Theatre),21.01762981094726,105.85320592711778,Theater
Long Biên District,21.0371542,105.89784527756584,Nhà Hát Múa Rối Thăng Long (Thang Long Water Puppetry Theatre) (Nhà Hát Múa Rối Thăng Long),21.031611343031564,105.85312781681033,Theater
Long Biên District,21.0371542,105.89784527756584,Polygon Music Bar,21.029772552327778,105.82974967942927,Rock Club
Long Biên District,21.0371542,105.89784527756584,Thu Huong Hanoi Lacquerware,21.038515527801025,105.80144956894893,Art Museum
Long Biên District,21.0371542,105.89784527756584,Bảo Tàng Lịch Sử Quốc Gia (Vietnam National Museum of History),21.024794226069417,105.85941660833218,History Museum
Long Biên District,21.0371542,105.89784527756584,CGV Cinemas Vincom Royal City,21.002600670455926,105.81550796977224,Multiplex
Long Biên District,21.0371542,105.89784527756584,Bảo Tàng Hồ Chí Minh (Ho Chi Minh Museum) (Bảo Tàng Hồ Chí Minh),21.03557201390834,105.83295593093686,History Museum
Long Biên District,21.0371542,105.89784527756584,Bảo Tàng Phòng Không Không Quân (Air Force Museum),21.00044779540897,105.82920670509338,History Museum
Long Biên District,21.0371542,105.89784527756584,Vân Yến Art Café,21.026588432884548,105.85020644245067,Art Gallery
Long Biên District,21.0371542,105.89784527756584,Bảo Tàng Lịch Sử Quân Sự Việt Nam (Vietnam Military History Museum) (Bảo Tàng Lịch Sử Quân Sự Việt Nam),21.032182251208475,105.84022621323761,History Museum
Long Biên District,21.0371542,105.89784527756584,Không Gian Văn Hoá Việt (Lotus Water Puppet Theater),21.02846866273835,105.85121847642561,Theater
Long Biên District,21.0371542,105.89784527756584,Rạp Kim Đồng,21.023949418148014,105.85285549984488,Movie Theater
Long Biên District,21.0371542,105.89784527756584,CGV Cinemas ARTEMIS,21.000040664235605,105.82892199585358,Multiplex
Long Biên District,21.0371542,105.89784527756584,Galaxy Cinema,21.047724,105.866477,Movie Theater
Long Biên District,21.0371542,105.89784527756584,Con Đường Gốm Sứ (Hanoi Ceramic Mosaic Mural),21.03544722615097,105.85447937970807,Public Art
Long Biên District,21.0371542,105.89784527756584,Heineken Countdown Party,21.024572543354292,105.8564921017329,Music Venue
Long Biên District,21.0371542,105.89784527756584,Nhà Hát Kịch Hà Nội,21.024185685500868,105.85490944669199,Theater
Long Biên District,21.0371542,105.89784527756584,Golden Bell Theatre (Rạp Chuông Vàng),21.034088674755075,105.85192766934135,Performing Arts Venue
Long Biên District,21.0371542,105.89784527756584,CGV Cinemas Tràng Tiền Plaza,21.024950419685954,105.85317760705948,Multiplex
Long Biên District,21.0371542,105.89784527756584,Clb khiêu vũ,21.022872102966183,105.85193913762441,Dance Studio
Long Biên District,21.0371542,105.89784527756584,Bảo Tàng Công An Hà Nội,21.032223513493328,105.84857896087993,Museum
Long Biên District,21.0371542,105.89784527756584,Nhà hát tuồng Việt Nam,21.031594929539388,105.84696292877197,Theater
Long Biên District,21.0371542,105.89784527756584,Rạp Đại Nam (Dai Nam Theatre),21.016472856940318,105.8515977859497,Concert Hall
Long Biên District,21.0371542,105.89784527756584,CGV Cinemas Vincom Times City,20.994037288934106,105.86851716041565,Multiplex
Long Biên District,21.0371542,105.89784527756584,タンロン遺跡,21.035943,105.840309,History Museum
Long Biên District,21.0371542,105.89784527756584,Nhà Hát Âu Cơ,21.01823,105.8121,Concert Hall
Long Biên District,21.0371542,105.89784527756584,War Memorial To John Mccain,21.046975,105.836946,Memorial Site
Long Biên District,21.0371542,105.89784527756584,Trung Tâm Chiếu Phim Quốc Gia (National Cinema Centre),21.016773310402904,105.81528067588806,Movie Theater
Long Biên District,21.0371542,105.89784527756584,Nhà Hát Kim Mã,21.03214810652277,105.8272786167014,Theater
Long Biên District,21.0371542,105.89784527756584,Hải Sản Mai Liên,21.006077,105.83441,Zoo Exhibit
Long Biên District,21.0371542,105.89784527756584,Acid Acoustic Bar,21.02843714441615,105.82279477807838,Music Venue
Long Biên District,21.0371542,105.89784527756584,CGV D'. Le Roi Soleil,21.06506833595562,105.82727015018462,Multiplex
Long Biên District,21.0371542,105.89784527756584,Chung cư Nam Đô,20.97949847102459,105.8450009553532,Amphitheater
Long Biên District,21.0371542,105.89784527756584,CGV Cinemas Vincom Metropolis Liễu Giai,21.031517,105.8148,Multiplex
Long Biên District,21.0371542,105.89784527756584,Vincom Center Contemporary Art,21.003688,105.81486,Art Gallery
Mê Linh District,21.18078845,105.70725700576077,Cama Atk,21.2353419,105.7455698,Music Venue
Nam Từ Liêm District,21.019204100000003,105.75763278281052,Bảo Tàng Dân Tộc Học Việt Nam (Vietnam Museum of Ethnology),21.040516428659032,105.79811664833386,Museum
Nam Từ Liêm District,21.019204100000003,105.75763278281052,Café Nhà Sàn,21.043892939399125,105.80714368655174,Art Gallery
Nam Từ Liêm District,21.019204100000003,105.75763278281052,CGV Cinemas Indochina Plaza Hanoi,21.0361260143031,105.78243242237413,Multiplex
Nam Từ Liêm District,21.019204100000003,105.75763278281052,CGV Cinemas Vincom Nguyễn Chí Thanh,21.02305755193666,105.80950735096916,Multiplex
Nam Từ Liêm District,21.019204100000003,105.75763278281052,BHD Star Cineplex Vincom Phạm Ngọc Thạch,21.006540792883072,105.831992307879,Movie Theater
Nam Từ Liêm District,21.019204100000003,105.75763278281052,CGV Cinemas Hà Nội Centerpoint,21.00413262624615,105.80502703699818,Multiplex
Nam Từ Liêm District,21.019204100000003,105.75763278281052,Thu Huong Hanoi Lacquerware,21.038515527801025,105.80144956894893,Art Museum
Nam Từ Liêm District,21.019204100000003,105.75763278281052,CGV Cinemas MIPEC Tower,21.005394388454484,105.82394035998118,Multiplex
Nam Từ Liêm District,21.019204100000003,105.75763278281052,CAMA ATK,21.014080115557686,105.85105748436698,Music Venue
Nam Từ Liêm District,21.019204100000003,105.75763278281052,Bảo Tàng Mỹ Thuật Việt Nam (Vietnam Fine Arts Museum),21.030434334914602,105.83706761801307,Art Museum
Nam Từ Liêm District,21.019204100000003,105.75763278281052,Bảo Tàng Phụ Nữ Việt Nam (Vietnamese Women's Museum) (Bảo Tàng Phụ Nữ Việt Nam),21.02325961116907,105.85161795002985,History Museum
Nam Từ Liêm District,21.019204100000003,105.75763278281052,CGV Cinemas Vincom Royal City,21.002600670455926,105.81550796977224,Multiplex
Nam Từ Liêm District,21.019204100000003,105.75763278281052,Old Propaganda Poster Shop,21.032960612792422,105.85198501076371,Art Gallery
Nam Từ Liêm District,21.019204100000003,105.75763278281052,"Hỏa Lò (Hoa Lo Prison or ""Hanoi Hilton"")",21.025493711698335,105.84655415220422,History Museum
Nam Từ Liêm District,21.019204100000003,105.75763278281052,CGV Cinemas Vincom Center,21.01120141070711,105.84927539732773,Multiplex
Nam Từ Liêm District,21.019204100000003,105.75763278281052,Polygon Music Bar,21.029772552327778,105.82974967942927,Rock Club
Nam Từ Liêm District,21.019204100000003,105.75763278281052,Nhà Hát Tuổi Trẻ (Youth Theatre),21.01762981094726,105.85320592711778,Theater
Nam Từ Liêm District,21.019204100000003,105.75763278281052,Bảo Tàng Phòng Không Không Quân (Air Force Museum),21.00044779540897,105.82920670509338,History Museum
Nam Từ Liêm District,21.019204100000003,105.75763278281052,Bảo Tàng Hồ Chí Minh (Ho Chi Minh Museum) (Bảo Tàng Hồ Chí Minh),21.03557201390834,105.83295593093686,History Museum
Nam Từ Liêm District,21.019204100000003,105.75763278281052,CGV Cinemas Rice City,20.96330310239259,105.82302689552307,Multiplex
Nam Từ Liêm District,21.019204100000003,105.75763278281052,Nhà Hát Âu Cơ,21.01823,105.8121,Concert Hall
Nam Từ Liêm District,21.019204100000003,105.75763278281052,Bảo Tàng Đường Hồ Chí Minh (Ho Chi Minh Trail Museum),20.953912,105.748666,History Museum
Nam Từ Liêm District,21.019204100000003,105.75763278281052,CGV Cinemas ARTEMIS,21.000040664235605,105.82892199585358,Multiplex
Nam Từ Liêm District,21.019204100000003,105.75763278281052,Bảo Tàng Hà Nội \ Hanoi Museum,21.010843101498523,105.78685083786095,Art Museum
Nam Từ Liêm District,21.019204100000003,105.75763278281052,Bảo Tàng Lịch Sử Quân Sự Việt Nam (Vietnam Military History Museum) (Bảo Tàng Lịch Sử Quân Sự Việt Nam),21.032182251208475,105.84022621323761,History Museum
Nam Từ Liêm District,21.019204100000003,105.75763278281052,Trung Tâm Chiếu Phim Quốc Gia (National Cinema Centre),21.016773310402904,105.81528067588806,Movie Theater
Nam Từ Liêm District,21.019204100000003,105.75763278281052,Vân Yến Art Café,21.026588432884548,105.85020644245067,Art Gallery
Nam Từ Liêm District,21.019204100000003,105.75763278281052,CGV Cinemas Vincom Trần Duy Hưng,21.007078373368763,105.79561471939087,Multiplex
Nam Từ Liêm District,21.019204100000003,105.75763278281052,CGV Vincom BẮC TỪ LIÊM,21.053303937207694,105.78026175498962,Multiplex
Nam Từ Liêm District,21.019204100000003,105.75763278281052,CGV Cinemas Vincom Metropolis Liễu Giai,21.031517,105.8148,Multiplex
Nam Từ Liêm District,21.019204100000003,105.75763278281052,Vincom Center Contemporary Art,21.003688,105.81486,Art Gallery
Nam Từ Liêm District,21.019204100000003,105.75763278281052,Không Gian Văn Hoá Việt (Lotus Water Puppet Theater),21.02846866273835,105.85121847642561,Theater
Nam Từ Liêm District,21.019204100000003,105.75763278281052,Acid Acoustic Bar,21.02843714441615,105.82279477807838,Music Venue
Nam Từ Liêm District,21.019204100000003,105.75763278281052,Rạp Kim Đồng,21.023949418148014,105.85285549984488,Movie Theater
Nam Từ Liêm District,21.019204100000003,105.75763278281052,Nhà Hát Kim Mã,21.03214810652277,105.8272786167014,Theater
Nam Từ Liêm District,21.019204100000003,105.75763278281052,Hải Sản Mai Liên,21.006077,105.83441,Zoo Exhibit
Nam Từ Liêm District,21.019204100000003,105.75763278281052,タンロン遺跡,21.035943,105.840309,History Museum
Nam Từ Liêm District,21.019204100000003,105.75763278281052,War Memorial To John Mccain,21.046975,105.836946,Memorial Site
Nam Từ Liêm District,21.019204100000003,105.75763278281052,CGV D'. Le Roi Soleil,21.06506833595562,105.82727015018462,Multiplex
Nam Từ Liêm District,21.019204100000003,105.75763278281052,Nhà hát tuồng Việt Nam,21.031594929539388,105.84696292877197,Theater
Nam Từ Liêm District,21.019204100000003,105.75763278281052,Bảo Tàng Công An Hà Nội,21.032223513493328,105.84857896087993,Museum
Nam Từ Liêm District,21.019204100000003,105.75763278281052,Rạp Đại Nam (Dai Nam Theatre),21.016472856940318,105.8515977859497,Concert Hall
Nam Từ Liêm District,21.019204100000003,105.75763278281052,Clb khiêu vũ,21.022872102966183,105.85193913762441,Dance Studio
Nam Từ Liêm District,21.019204100000003,105.75763278281052,Golden Bell Theatre (Rạp Chuông Vàng),21.034088674755075,105.85192766934135,Performing Arts Venue
Nam Từ Liêm District,21.019204100000003,105.75763278281052,CGV Cinemas Tràng Tiền Plaza,21.024950419685954,105.85317760705948,Multiplex
Phú Xuyên District,20.72904585,105.91023981311886,NVH Phú Xuyên,20.760811050789528,105.9109584999581,Music Venue
Phúc Thọ District,21.1079973,105.57074703613138,Star Cinema,21.085832,105.663506,Movie Theater
Quốc Oai District,20.9780943,105.62945748084049,Xuan Mai Pagoda,20.919903266461585,105.64431405925757,History Museum
Quốc Oai District,20.9780943,105.62945748084049,Tập Hiphop Genie crew,20.91022502014961,105.57533224329534,Dance Studio
Quốc Oai District,20.9780943,105.62945748084049,Ms An's  Studio,20.906313,105.576906,Art Gallery
Sóc Sơn District,21.280874700000002,105.82924029963564,Thanh Chuong 화가 집,21.27616832791899,105.84005837494946,Art Gallery
Sóc Sơn District,21.280874700000002,105.82924029963564,Viet Phu Thanh Chuong,21.276876174791838,105.80341743132706,History Museum
Tây Hồ District,21.07097625,105.82368229447748,Café Nhà Sàn,21.043892939399125,105.80714368655174,Art Gallery
Tây Hồ District,21.07097625,105.82368229447748,Bảo Tàng Dân Tộc Học Việt Nam (Vietnam Museum of Ethnology),21.040516428659032,105.79811664833386,Museum
Tây Hồ District,21.07097625,105.82368229447748,CGV Cinemas Vincom Nguyễn Chí Thanh,21.02305755193666,105.80950735096916,Multiplex
Tây Hồ District,21.07097625,105.82368229447748,Bình Minh Jazz Club,21.02402035990833,105.85817476867993,Jazz Club
Tây Hồ District,21.07097625,105.82368229447748,Nhà Hát Lớn Hà Nội (Hanoi Opera House),21.024234297880994,105.85727607952052,Opera House
Tây Hồ District,21.07097625,105.82368229447748,BHD Star Cineplex Vincom Phạm Ngọc Thạch,21.006540792883072,105.831992307879,Movie Theater
Tây Hồ District,21.07097625,105.82368229447748,CAMA ATK,21.014080115557686,105.85105748436698,Music Venue
Tây Hồ District,21.07097625,105.82368229447748,Thu Huong Hanoi Lacquerware,21.038515527801025,105.80144956894893,Art Museum
Tây Hồ District,21.07097625,105.82368229447748,Bảo Tàng Mỹ Thuật Việt Nam (Vietnam Fine Arts Museum),21.030434334914602,105.83706761801307,Art Museum
Tây Hồ District,21.07097625,105.82368229447748,Bảo Tàng Phụ Nữ Việt Nam (Vietnamese Women's Museum) (Bảo Tàng Phụ Nữ Việt Nam),21.02325961116907,105.85161795002985,History Museum
Tây Hồ District,21.07097625,105.82368229447748,CGV Cinemas Indochina Plaza Hanoi,21.0361260143031,105.78243242237413,Multiplex
Tây Hồ District,21.07097625,105.82368229447748,Old Propaganda Poster Shop,21.032960612792422,105.85198501076371,Art Gallery
Tây Hồ District,21.07097625,105.82368229447748,Bảo Tàng Cách Mạng Việt Nam (Museum of the Vietnamese Revolution) (Bảo Tàng Cách Mạng Việt Nam),21.025365611536266,105.85770203910008,History Museum
Tây Hồ District,21.07097625,105.82368229447748,CGV Cinemas MIPEC Tower,21.005394388454484,105.82394035998118,Multiplex
Tây Hồ District,21.07097625,105.82368229447748,Nhà cổ 87 Mã Mây / Traditional House,21.034430263325408,105.85346218783775,History Museum
Tây Hồ District,21.07097625,105.82368229447748,"Hỏa Lò (Hoa Lo Prison or ""Hanoi Hilton"")",21.025493711698335,105.84655415220422,History Museum
Tây Hồ District,21.07097625,105.82368229447748,CGV Cinemas Hà Nội Centerpoint,21.00413262624615,105.80502703699818,Multiplex
Tây Hồ District,21.07097625,105.82368229447748,CGV Cinemas Aeon Long Bien,21.02648051803252,105.90044868623511,Multiplex
Tây Hồ District,21.07097625,105.82368229447748,Polygon Music Bar,21.029772552327778,105.82974967942927,Rock Club
Tây Hồ District,21.07097625,105.82368229447748,CGV Cinemas Vincom Center,21.01120141070711,105.84927539732773,Multiplex
Tây Hồ District,21.07097625,105.82368229447748,Nhà Hát Tuổi Trẻ (Youth Theatre),21.01762981094726,105.85320592711778,Theater
Tây Hồ District,21.07097625,105.82368229447748,CGV Cinemas Vincom Royal City,21.002600670455926,105.81550796977224,Multiplex
Tây Hồ District,21.07097625,105.82368229447748,Nhà Hát Múa Rối Thăng Long (Thang Long Water Puppetry Theatre) (Nhà Hát Múa Rối Thăng Long),21.031611343031564,105.85312781681033,Theater
Tây Hồ District,21.07097625,105.82368229447748,Bảo Tàng Hồ Chí Minh (Ho Chi Minh Museum) (Bảo Tàng Hồ Chí Minh),21.03557201390834,105.83295593093686,History Museum
Tây Hồ District,21.07097625,105.82368229447748,Bảo Tàng Lịch Sử Quốc Gia (Vietnam National Museum of History),21.024794226069417,105.85941660833218,History Museum
Tây Hồ District,21.07097625,105.82368229447748,Bảo Tàng Phòng Không Không Quân (Air Force Museum),21.00044779540897,105.82920670509338,History Museum
Tây Hồ District,21.07097625,105.82368229447748,Bảo Tàng Lịch Sử Quân Sự Việt Nam (Vietnam Military History Museum) (Bảo Tàng Lịch Sử Quân Sự Việt Nam),21.032182251208475,105.84022621323761,History Museum
Tây Hồ District,21.07097625,105.82368229447748,Vân Yến Art Café,21.026588432884548,105.85020644245067,Art Gallery
Tây Hồ District,21.07097625,105.82368229447748,CGV D'. Le Roi Soleil,21.06506833595562,105.82727015018462,Multiplex
Tây Hồ District,21.07097625,105.82368229447748,Không Gian Văn Hoá Việt (Lotus Water Puppet Theater),21.02846866273835,105.85121847642561,Theater
Tây Hồ District,21.07097625,105.82368229447748,Nhà Hát Âu Cơ,21.01823,105.8121,Concert Hall
Tây Hồ District,21.07097625,105.82368229447748,War Memorial To John Mccain,21.046975,105.836946,Memorial Site
Tây Hồ District,21.07097625,105.82368229447748,CGV Cinemas ARTEMIS,21.000040664235605,105.82892199585358,Multiplex
Tây Hồ District,21.07097625,105.82368229447748,Rạp Kim Đồng,21.023949418148014,105.85285549984488,Movie Theater
Tây Hồ District,21.07097625,105.82368229447748,Trung Tâm Chiếu Phim Quốc Gia (National Cinema Centre),21.016773310402904,105.81528067588806,Movie Theater
Tây Hồ District,21.07097625,105.82368229447748,タンロン遺跡,21.035943,105.840309,History Museum
Tây Hồ District,21.07097625,105.82368229447748,Nhà Hát Kim Mã,21.03214810652277,105.8272786167014,Theater
Tây Hồ District,21.07097625,105.82368229447748,CGV Cinemas Vincom Metropolis Liễu Giai,21.031517,105.8148,Multiplex
Tây Hồ District,21.07097625,105.82368229447748,Acid Acoustic Bar,21.02843714441615,105.82279477807838,Music Venue
Tây Hồ District,21.07097625,105.82368229447748,CGV Vincom BẮC TỪ LIÊM,21.053303937207694,105.78026175498962,Multiplex
Tây Hồ District,21.07097625,105.82368229447748,Nhà hát tuồng Việt Nam,21.031594929539388,105.84696292877197,Theater
Tây Hồ District,21.07097625,105.82368229447748,Bảo Tàng Công An Hà Nội,21.032223513493328,105.84857896087993,Museum
Tây Hồ District,21.07097625,105.82368229447748,Golden Bell Theatre (Rạp Chuông Vàng),21.034088674755075,105.85192766934135,Performing Arts Venue
Tây Hồ District,21.07097625,105.82368229447748,Con Đường Gốm Sứ (Hanoi Ceramic Mosaic Mural),21.03544722615097,105.85447937970807,Public Art
Tây Hồ District,21.07097625,105.82368229447748,Galaxy Cinema,21.047724,105.866477,Movie Theater
Tây Hồ District,21.07097625,105.82368229447748,CGV Cinemas Tràng Tiền Plaza,21.024950419685954,105.85317760705948,Multiplex
Tây Hồ District,21.07097625,105.82368229447748,Clb khiêu vũ,21.022872102966183,105.85193913762441,Dance Studio
Tây Hồ District,21.07097625,105.82368229447748,Nhà Hát Kịch Hà Nội,21.024185685500868,105.85490944669199,Theater
Tây Hồ District,21.07097625,105.82368229447748,Heineken Countdown Party,21.024572543354292,105.8564921017329,Music Venue
Tây Hồ District,21.07097625,105.82368229447748,Rạp Đại Nam (Dai Nam Theatre),21.016472856940318,105.8515977859497,Concert Hall
Thanh Trì District,20.9414616,105.83603265035416,BHD Star Cineplex Vincom Phạm Ngọc Thạch,21.006540792883072,105.831992307879,Movie Theater
Thanh Trì District,20.9414616,105.83603265035416,CAMA ATK,21.014080115557686,105.85105748436698,Music Venue
Thanh Trì District,20.9414616,105.83603265035416,CGV Cinemas MIPEC Tower,21.005394388454484,105.82394035998118,Multiplex
Thanh Trì District,20.9414616,105.83603265035416,Bình Minh Jazz Club,21.02402035990833,105.85817476867993,Jazz Club
Thanh Trì District,20.9414616,105.83603265035416,Nhà Hát Lớn Hà Nội (Hanoi Opera House),21.024234297880994,105.85727607952052,Opera House
Thanh Trì District,20.9414616,105.83603265035416,CGV Cinemas Hà Nội Centerpoint,21.00413262624615,105.80502703699818,Multiplex
Thanh Trì District,20.9414616,105.83603265035416,CGV Cinemas Vincom Nguyễn Chí Thanh,21.02305755193666,105.80950735096916,Multiplex
Thanh Trì District,20.9414616,105.83603265035416,Bảo Tàng Phụ Nữ Việt Nam (Vietnamese Women's Museum) (Bảo Tàng Phụ Nữ Việt Nam),21.02325961116907,105.85161795002985,History Museum
Thanh Trì District,20.9414616,105.83603265035416,CGV Cinemas Vincom Center,21.01120141070711,105.84927539732773,Multiplex
Thanh Trì District,20.9414616,105.83603265035416,Bảo Tàng Cách Mạng Việt Nam (Museum of the Vietnamese Revolution) (Bảo Tàng Cách Mạng Việt Nam),21.025365611536266,105.85770203910008,History Museum
Thanh Trì District,20.9414616,105.83603265035416,CGV Cinemas Vincom Royal City,21.002600670455926,105.81550796977224,Multiplex
Thanh Trì District,20.9414616,105.83603265035416,Bảo Tàng Mỹ Thuật Việt Nam (Vietnam Fine Arts Museum),21.030434334914602,105.83706761801307,Art Museum
Thanh Trì District,20.9414616,105.83603265035416,"Hỏa Lò (Hoa Lo Prison or ""Hanoi Hilton"")",21.025493711698335,105.84655415220422,History Museum
Thanh Trì District,20.9414616,105.83603265035416,Nhà Hát Tuổi Trẻ (Youth Theatre),21.01762981094726,105.85320592711778,Theater
Thanh Trì District,20.9414616,105.83603265035416,Polygon Music Bar,21.029772552327778,105.82974967942927,Rock Club
Thanh Trì District,20.9414616,105.83603265035416,Bảo Tàng Phòng Không Không Quân (Air Force Museum),21.00044779540897,105.82920670509338,History Museum
Thanh Trì District,20.9414616,105.83603265035416,CGV Cinemas Rice City,20.96330310239259,105.82302689552307,Multiplex
Thanh Trì District,20.9414616,105.83603265035416,Bảo Tàng Lịch Sử Quốc Gia (Vietnam National Museum of History),21.024794226069417,105.85941660833218,History Museum
Thanh Trì District,20.9414616,105.83603265035416,CGV Cinemas ARTEMIS,21.000040664235605,105.82892199585358,Multiplex
Thanh Trì District,20.9414616,105.83603265035416,Vân Yến Art Café,21.026588432884548,105.85020644245067,Art Gallery
Thanh Trì District,20.9414616,105.83603265035416,Chung cư Nam Đô,20.97949847102459,105.8450009553532,Amphitheater
Thanh Trì District,20.9414616,105.83603265035416,Bảo Tàng Đường Hồ Chí Minh (Ho Chi Minh Trail Museum),20.953912,105.748666,History Museum
Thanh Trì District,20.9414616,105.83603265035416,Nhà Hát Âu Cơ,21.01823,105.8121,Concert Hall
Thanh Trì District,20.9414616,105.83603265035416,Trung Tâm Chiếu Phim Quốc Gia (National Cinema Centre),21.016773310402904,105.81528067588806,Movie Theater
Thanh Trì District,20.9414616,105.83603265035416,Rạp Kim Đồng,21.023949418148014,105.85285549984488,Movie Theater
Thanh Trì District,20.9414616,105.83603265035416,Không Gian Văn Hoá Việt (Lotus Water Puppet Theater),21.02846866273835,105.85121847642561,Theater
Thanh Trì District,20.9414616,105.83603265035416,CGV Cinemas Vincom Times City,20.994037288934106,105.86851716041565,Multiplex
Thanh Trì District,20.9414616,105.83603265035416,Hải Sản Mai Liên,21.006077,105.83441,Zoo Exhibit
Thanh Trì District,20.9414616,105.83603265035416,Vincom Center Contemporary Art,21.003688,105.81486,Art Gallery
Thanh Trì District,20.9414616,105.83603265035416,Isis,21.013734970466945,105.84918676993126,Dance Studio
Thanh Trì District,20.9414616,105.83603265035416,CGV Cinemas Vincom Trần Duy Hưng,21.007078373368763,105.79561471939087,Multiplex
Thanh Trì District,20.9414616,105.83603265035416,Rạp Đại Nam (Dai Nam Theatre),21.016472856940318,105.8515977859497,Concert Hall
Thanh Trì District,20.9414616,105.83603265035416,Bảo Tàng Hà Nội \ Hanoi Museum,21.010843101498523,105.78685083786095,Art Museum
Thanh Trì District,20.9414616,105.83603265035416,Clb khiêu vũ,21.022872102966183,105.85193913762441,Dance Studio
Thanh Trì District,20.9414616,105.83603265035416,Nhà Hát Kịch Hà Nội,21.024185685500868,105.85490944669199,Theater
Thanh Trì District,20.9414616,105.83603265035416,CGV Cinemas Tràng Tiền Plaza,21.024950419685954,105.85317760705948,Multiplex
Thanh Trì District,20.9414616,105.83603265035416,Heineken Countdown Party,21.024572543354292,105.8564921017329,Music Venue
Thanh Trì District,20.9414616,105.83603265035416,Acid Acoustic Bar,21.02843714441615,105.82279477807838,Music Venue
Thanh Xuân District,20.99439525,105.81939890126282,BHD Star Cineplex Vincom Phạm Ngọc Thạch,21.006540792883072,105.831992307879,Movie Theater
Thanh Xuân District,20.99439525,105.81939890126282,CGV Cinemas MIPEC Tower,21.005394388454484,105.82394035998118,Multiplex
Thanh Xuân District,20.99439525,105.81939890126282,Café Nhà Sàn,21.043892939399125,105.80714368655174,Art Gallery
Thanh Xuân District,20.99439525,105.81939890126282,CGV Cinemas Vincom Nguyễn Chí Thanh,21.02305755193666,105.80950735096916,Multiplex
Thanh Xuân District,20.99439525,105.81939890126282,CAMA ATK,21.014080115557686,105.85105748436698,Music Venue
Thanh Xuân District,20.99439525,105.81939890126282,CGV Cinemas Hà Nội Centerpoint,21.00413262624615,105.80502703699818,Multiplex
Thanh Xuân District,20.99439525,105.81939890126282,Bảo Tàng Dân Tộc Học Việt Nam (Vietnam Museum of Ethnology),21.040516428659032,105.79811664833386,Museum
Thanh Xuân District,20.99439525,105.81939890126282,Bình Minh Jazz Club,21.02402035990833,105.85817476867993,Jazz Club
Thanh Xuân District,20.99439525,105.81939890126282,Nhà Hát Lớn Hà Nội (Hanoi Opera House),21.024234297880994,105.85727607952052,Opera House
Thanh Xuân District,20.99439525,105.81939890126282,CGV Cinemas Vincom Royal City,21.002600670455926,105.81550796977224,Multiplex
Thanh Xuân District,20.99439525,105.81939890126282,Bảo Tàng Phụ Nữ Việt Nam (Vietnamese Women's Museum) (Bảo Tàng Phụ Nữ Việt Nam),21.02325961116907,105.85161795002985,History Museum
Thanh Xuân District,20.99439525,105.81939890126282,Bảo Tàng Mỹ Thuật Việt Nam (Vietnam Fine Arts Museum),21.030434334914602,105.83706761801307,Art Museum
Thanh Xuân District,20.99439525,105.81939890126282,CGV Cinemas Vincom Center,21.01120141070711,105.84927539732773,Multiplex
Thanh Xuân District,20.99439525,105.81939890126282,Bảo Tàng Cách Mạng Việt Nam (Museum of the Vietnamese Revolution) (Bảo Tàng Cách Mạng Việt Nam),21.025365611536266,105.85770203910008,History Museum
Thanh Xuân District,20.99439525,105.81939890126282,CGV Cinemas Indochina Plaza Hanoi,21.0361260143031,105.78243242237413,Multiplex
Thanh Xuân District,20.99439525,105.81939890126282,Old Propaganda Poster Shop,21.032960612792422,105.85198501076371,Art Gallery
Thanh Xuân District,20.99439525,105.81939890126282,Thu Huong Hanoi Lacquerware,21.038515527801025,105.80144956894893,Art Museum
Thanh Xuân District,20.99439525,105.81939890126282,"Hỏa Lò (Hoa Lo Prison or ""Hanoi Hilton"")",21.025493711698335,105.84655415220422,History Museum
Thanh Xuân District,20.99439525,105.81939890126282,Nhà cổ 87 Mã Mây / Traditional House,21.034430263325408,105.85346218783775,History Museum
Thanh Xuân District,20.99439525,105.81939890126282,Polygon Music Bar,21.029772552327778,105.82974967942927,Rock Club
Thanh Xuân District,20.99439525,105.81939890126282,CGV Cinemas Aeon Long Bien,21.02648051803252,105.90044868623511,Multiplex
Thanh Xuân District,20.99439525,105.81939890126282,Nhà Hát Tuổi Trẻ (Youth Theatre),21.01762981094726,105.85320592711778,Theater
Thanh Xuân District,20.99439525,105.81939890126282,Bảo Tàng Phòng Không Không Quân (Air Force Museum),21.00044779540897,105.82920670509338,History Museum
Thanh Xuân District,20.99439525,105.81939890126282,Nhà Hát Múa Rối Thăng Long (Thang Long Water Puppetry Theatre) (Nhà Hát Múa Rối Thăng Long),21.031611343031564,105.85312781681033,Theater
Thanh Xuân District,20.99439525,105.81939890126282,Bảo Tàng Hồ Chí Minh (Ho Chi Minh Museum) (Bảo Tàng Hồ Chí Minh),21.03557201390834,105.83295593093686,History Museum
Thanh Xuân District,20.99439525,105.81939890126282,Bảo Tàng Lịch Sử Quốc Gia (Vietnam National Museum of History),21.024794226069417,105.85941660833218,History Museum
Thanh Xuân District,20.99439525,105.81939890126282,CGV Cinemas ARTEMIS,21.000040664235605,105.82892199585358,Multiplex
Thanh Xuân District,20.99439525,105.81939890126282,CGV Cinemas Rice City,20.96330310239259,105.82302689552307,Multiplex
Thanh Xuân District,20.99439525,105.81939890126282,Vân Yến Art Café,21.026588432884548,105.85020644245067,Art Gallery
Thanh Xuân District,20.99439525,105.81939890126282,Bảo Tàng Lịch Sử Quân Sự Việt Nam (Vietnam Military History Museum) (Bảo Tàng Lịch Sử Quân Sự Việt Nam),21.032182251208475,105.84022621323761,History Museum
Thanh Xuân District,20.99439525,105.81939890126282,Nhà Hát Âu Cơ,21.01823,105.8121,Concert Hall
Thanh Xuân District,20.99439525,105.81939890126282,Trung Tâm Chiếu Phim Quốc Gia (National Cinema Centre),21.016773310402904,105.81528067588806,Movie Theater
Thanh Xuân District,20.99439525,105.81939890126282,Vincom Center Contemporary Art,21.003688,105.81486,Art Gallery
Thanh Xuân District,20.99439525,105.81939890126282,Không Gian Văn Hoá Việt (Lotus Water Puppet Theater),21.02846866273835,105.85121847642561,Theater
Thanh Xuân District,20.99439525,105.81939890126282,Hải Sản Mai Liên,21.006077,105.83441,Zoo Exhibit
Thanh Xuân District,20.99439525,105.81939890126282,Rạp Kim Đồng,21.023949418148014,105.85285549984488,Movie Theater
Thanh Xuân District,20.99439525,105.81939890126282,CGV Cinemas Vincom Trần Duy Hưng,21.007078373368763,105.79561471939087,Multiplex
Thanh Xuân District,20.99439525,105.81939890126282,Chung cư Nam Đô,20.97949847102459,105.8450009553532,Amphitheater
Thanh Xuân District,20.99439525,105.81939890126282,Bảo Tàng Hà Nội \ Hanoi Museum,21.010843101498523,105.78685083786095,Art Museum
Thanh Xuân District,20.99439525,105.81939890126282,Acid Acoustic Bar,21.02843714441615,105.82279477807838,Music Venue
Thanh Xuân District,20.99439525,105.81939890126282,Bảo Tàng Đường Hồ Chí Minh (Ho Chi Minh Trail Museum),20.953912,105.748666,History Museum
Thanh Xuân District,20.99439525,105.81939890126282,Rạp Đại Nam (Dai Nam Theatre),21.016472856940318,105.8515977859497,Concert Hall
Thanh Xuân District,20.99439525,105.81939890126282,CGV Cinemas Vincom Metropolis Liễu Giai,21.031517,105.8148,Multiplex
Thanh Xuân District,20.99439525,105.81939890126282,Nhà Hát Kim Mã,21.03214810652277,105.8272786167014,Theater
Thanh Xuân District,20.99439525,105.81939890126282,Clb khiêu vũ,21.022872102966183,105.85193913762441,Dance Studio
Thanh Xuân District,20.99439525,105.81939890126282,CGV Cinemas Tràng Tiền Plaza,21.024950419685954,105.85317760705948,Multiplex
Thanh Xuân District,20.99439525,105.81939890126282,Nhà Hát Kịch Hà Nội,21.024185685500868,105.85490944669199,Theater
Thanh Xuân District,20.99439525,105.81939890126282,Nhà hát tuồng Việt Nam,21.031594929539388,105.84696292877197,Theater
Thanh Xuân District,20.99439525,105.81939890126282,CGV Cinemas Vincom Times City,20.994037288934106,105.86851716041565,Multiplex
Thanh Xuân District,20.99439525,105.81939890126282,タンロン遺跡,21.035943,105.840309,History Museum
Thường Tín District,20.8319978,105.87006434087073,Uoc Le Private Museum,20.82708351130098,105.81047444902225,History Museum
Thường Tín District,20.8319978,105.87006434087073,NVH Phú Xuyên,20.760811050789528,105.9109584999581,Music Venue
